INSERT INTO types (id, name) VALUES
(1, 'normal'),
(2, 'fighting'),
(3, 'flying'),
(4, 'poison'),
(5, 'ground'),
(6, 'rock'),
(7, 'bug'),
(8, 'ghost'),
(9, 'steel'),
(10, 'fire'),
(11, 'water'),
(12, 'grass'),
(13, 'electric'),
(14, 'psychic'),
(15, 'ice'),
(16, 'dragon'),
(17, 'dark'),
(18, 'fairy')
;
-- attacks type normal
INSERT INTO type_effectiveness (attack_id, defend_id, multiplier) VALUES
-- Attacks from Normal (1)
(1, 1, 1.0),  -- Normal vs Normal
(1, 2, 1.0),  -- Normal vs Fighting
(1, 3, 1.0),
(1, 4, 1.0),
(1, 5, 1.0),
(1, 6, 0.5),  -- Rock resists Normal
(1, 7, 1.0),
(1, 8, 0.0),  -- Ghost immune to Normal
(1, 9, 0.5),  -- Steel resists Normal
(1, 10, 1.0), -- Fire
(1, 11, 1.0), -- Water
(1, 12, 1.0), -- Grass
(1, 13, 1.0), -- Electric
(1, 14, 1.0), -- Psychic
(1, 15, 1.0), -- Ice
(1, 16, 1.0), -- Dragon
(1, 17, 1.0), -- Dark
(1, 18, 1.0), -- Fairy
-- Attacks from Fighting (2)
(2, 1, 2.0),  -- Normal
(2, 2, 1.0),  -- Fighting
(2, 3, 0.5),  -- Flying
(2, 4, 0.5),  -- Poison
(2, 5, 1.0),  -- Ground
(2, 6, 2.0),  -- Rock
(2, 7, 0.5),  -- Bug
(2, 8, 0.0),  -- Ghost (no effect)
(2, 9, 2.0),  -- Steel
(2, 10, 1.0),  -- Fire
(2, 11, 1.0),  -- Water
(2, 12, 1.0),  -- Grass
(2, 13, 1.0),  -- Electric
(2, 14, 0.5),  -- Psychic
(2, 15, 2.0),  -- Ice
(2, 16, 1.0),  -- Dragon
(2, 17, 2.0),  -- Dark
(2, 18, 0.5),  -- Fairy
-- Attacks from Flying (3)
(3, 1, 1.0), -- Normal
(3, 2, 2.0), -- Fighting
(3, 3, 1.0), -- Flying
(3, 4, 1.0), -- Poison
(3, 5, 1.0), -- Ground
(3, 6, 0.5), -- Rock
(3, 7, 2.0), -- Bug
(3, 8, 1.0), -- Ghost
(3, 9, 0.5), -- Steel
(3, 10, 1.0), -- Fire
(3, 11, 1.0), -- Water
(3, 12, 2.0), -- Grass
(3, 13, 0.5), -- Electric
(3, 14, 1.0), -- Psychic
(3, 15, 1.0), -- Ice
(3, 16, 1.0), -- Dragon
(3, 17, 1.0), -- Dark
(3, 18, 1.0),  -- Fairy
-- Attacks from Poison (4)
(4, 1, 1.0), -- Normal
(4, 2, 1.0), -- Fighting
(4, 3, 1.0), -- Flying
(4, 4, 0.5), -- Poison
(4, 5, 0.5), -- Ground
(4, 6, 0.5), -- Rock
(4, 7, 1.0), -- Bug
(4, 8, 0.5), -- Ghost
(4, 9, 0.0), -- Steel (inmune)
(4, 10, 1.0), -- Fire
(4, 11, 1.0), -- Water
(4, 12, 2.0), -- Grass
(4, 13, 1.0), -- Electric
(4, 14, 1.0), -- Psychic
(4, 15, 1.0), -- Ice
(4, 16, 1.0), -- Dragon
(4, 17, 1.0), -- Dark
(4, 18, 2.0),  -- Fairy
-- Attacks from Ground
(5, 1, 1.0), -- Normal
(5, 2, 1.0), -- Fighting
(5, 3, 0.0), -- Flying
(5, 4, 2.0), -- Poison
(5, 5, 1.0), -- Ground
(5, 6, 2.0), -- Rock
(5, 7, 0.5), -- Bug
(5, 8, 1.0), -- Ghost
(5, 9, 2.0), -- Steel
(5, 10, 2.0), -- Fire
(5, 11, 1.0), -- Water
(5, 12, 0.5), -- Grass
(5, 13, 2.0), -- Electric
(5, 14, 1.0), -- Psychic
(5, 15, 1.0), -- Ice
(5, 16, 1.0), -- Dragon
(5, 17, 1.0), -- Dark
(5, 18, 1.0), -- Fairy
-- Attacks from Rock (6)
(6, 1, 1.0), -- Normal
(6, 2, 0.5), -- Fighting
(6, 3, 2.0), -- Flying
(6, 4, 1.0), -- Poison
(6, 5, 0.5), -- Ground
(6, 6, 1.0), -- Rock
(6, 7, 2.0), -- Bug
(6, 8, 1.0), -- Ghost
(6, 9, 0.5), -- Steel
(6, 10, 2.0), -- Fire
(6, 11, 1.0), -- Water
(6, 12, 1.0), -- Grass
(6, 13, 1.0), -- Electric
(6, 14, 1.0), -- Psychic
(6, 15, 2.0), -- Ice
(6, 16, 1.0), -- Dragon
(6, 17, 1.0), -- Dark
(6, 18, 1.0), -- Fairy
-- Attacks from Bug (7)
(7, 1, 1.0), -- Normal
(7, 2, 0.5), -- Fighting
(7, 3, 0.5), -- Flying
(7, 4, 0.5), -- Poison
(7, 5, 1.0), -- Ground
(7, 6, 1.0), -- Rock
(7, 7, 1.0), -- Bug
(7, 8, 0.5), -- Ghost
(7, 9, 0.5), -- Steel
(7, 10, 0.5), -- Fire
(7, 11, 1.0), -- Water
(7, 12, 2.0), -- Grass
(7, 13, 1.0), -- Electric
(7, 14, 2.0), -- Psychic
(7, 15, 1.0), -- Ice
(7, 16, 1.0), -- Dragon
(7, 17, 1.0), -- Dark
(7, 18, 0.5), -- Fairy
-- Attacks from Ghost (8)
(8, 1, 0.0), -- Normal
(8, 2, 1.0), -- Fighting
(8, 3, 1.0), -- Flying
(8, 4, 1.0), -- Poison
(8, 5, 1.0), -- Ground
(8, 6, 1.0), -- Rock
(8, 7, 1.0), -- Bug
(8, 8, 2.0), -- Ghost
(8, 9, 1.0), -- Steel
(8, 10, 1.0), -- Fire
(8, 11, 1.0), -- Water
(8, 12, 1.0), -- Grass
(8, 13, 1.0), -- Electric
(8, 14, 2.0), -- Psychic
(8, 15, 1.0), -- Ice
(8, 16, 1.0), -- Dragon
(8, 17, 0.5), -- Dark
(8, 18, 1.0), -- Fairy
-- Attacks from Steel (9)
(9, 1, 1.0), -- Normal
(9, 2, 1.0), -- Fighting
(9, 3, 1.0), -- Flying
(9, 4, 1.0), -- Poison
(9, 5, 1.0), -- Ground
(9, 6, 2.0), -- Rock
(9, 7, 1.0), -- Bug
(9, 8, 1.0), -- Ghost
(9, 9, 0.5), -- Steel
(9, 10, 0.5), -- Fire
(9, 11, 0.5), -- Water
(9, 12, 1.0), -- Grass
(9, 13, 0.5), -- Electric
(9, 14, 1.0), -- Psychic
(9, 15, 2.0), -- Ice
(9, 16, 1.0), -- Dragon
(9, 17, 1.0), -- Dark
(9, 18, 2.0), -- Fairy
-- Attacks from Fire
(10, 1, 1.0), -- Normal
(10, 2, 1.0), -- Fighting
(10, 3, 1.0), -- Flying
(10, 4, 1.0), -- Poison
(10, 5, 1.0), -- Ground
(10, 6, 0.5), -- Rock
(10, 7, 2.0), -- Bug
(10, 8, 1.0), -- Ghost
(10, 9, 2.0), -- Steel
(10, 10, 0.5), -- Fire
(10, 11, 0.5), -- Water
(10, 12, 2.0), -- Grass
(10, 13, 1.0), -- Electric
(10, 14, 1.0), -- Psychic
(10, 15, 2.0), -- Ice
(10, 16, 0.5), -- Dragon
(10, 17, 1.0), -- Dark
(10, 18, 1.0), -- Fairy
-- Attacks from Water
(11, 1, 1.0), -- normal
(11, 2, 1.0), -- Fighting
(11, 3, 1.0), -- Flying
(11, 4, 1.0), -- Poison
(11, 5, 2.0), -- Ground
(11, 6, 2.0), -- Rock
(11, 7, 1.0), -- Bug
(11, 8, 1.0), -- Ghost
(11, 9, 1.0), -- Steel
(11, 10, 2.0), -- Fire
(11, 11, 0.5), -- Water
(11, 12, 0.5), -- Grass
(11, 13, 1.0), -- Electric
(11, 14, 1.0), -- Psychic
(11, 15, 1.0), -- Ice
(11, 16, 0.5), -- Dragon
(11, 17, 1.0), -- Dark
(11, 18, 1.0), -- Fairy
-- Attacks from Grass
(12, 1, 1.0), -- Normal
(12, 2, 1.0), -- Fighting
(12, 3, 0.5), -- Flying
(12, 4, 0.5), -- Poison
(12, 5, 2.0), -- Ground
(12, 6, 2.0), -- Rock
(12, 7, 0.5), -- Bug
(12, 8, 1.0), -- Ghost
(12, 9, 0.5), -- Steel
(12, 10, 0.5), -- Fire
(12, 11, 2.0), -- Water
(12, 12, 0.5), -- Grass
(12, 13, 1.0), -- Electric
(12, 14, 1.0), -- Psychic
(12, 15, 1.0), -- Ice
(12, 16, 0.5), -- Dragon
(12, 17, 1.0), -- Dark
(12, 18, 1.0), -- Fairy
-- Attacks from Electric (13)
(13, 1, 1.0), -- Normal
(13, 2, 1.0), -- Fighting
(13, 3, 2.0), -- Flying
(13, 4, 1.0), -- Poison
(13, 5, 0.0), -- Ground
(13, 6, 1.0), -- Rock
(13, 7, 1.0), -- Bug
(13, 8, 1.0), -- Ghost
(13, 9, 1.0), -- Steel
(13, 10, 1.0), -- Fire
(13, 11, 2.0), -- Water
(13, 12, 0.5), -- Grass
(13, 13, 0.5), -- Electric
(13, 14, 1.0), -- Psychic
(13, 15, 1.0), -- Ice
(13, 16, 0.5), -- Dragon
(13, 17, 1.0), -- Dark
(13, 18, 1.0), -- Fairy
-- Attacks from Psychic
(14, 1, 1.0), -- Normal
(14, 2, 2.0), -- Fighting
(14, 3, 1.0), -- Flying
(14, 4, 2.0), -- Posion
(14, 5, 1.0), -- Ground
(14, 6, 1.0), -- Rock
(14, 7, 1.0), -- Bug
(14, 8, 1.0), -- Ghost
(14, 9, 0.5), -- Steel
(14, 10, 1.0), -- Fire
(14, 11, 1.0), -- Water
(14, 12, 1.0), -- Grass
(14, 13, 1.0), -- Electric
(14, 14, 0.5), -- Psychic
(14, 15, 1.0), -- Ice
(14, 16, 1.0), -- Dragon
(14, 17, 0.0), -- Dark
(14, 18, 1.0), -- Fairy
-- Attacks from Ice
(15, 1, 1.0),
(15, 2, 1.0),
(15, 3, 2.0),
(15, 4, 1.0),
(15, 5, 2.0),
(15, 6, 1.0),
(15, 7, 1.0),
(15, 8, 1.0),
(15, 9, 0.5),
(15, 10, 0.5),
(15, 11, 0.5),
(15, 12, 2.0),
(15, 13, 1.0),
(15, 14, 1.0),
(15, 15, 0.5),
(15, 16, 2.0),
(15, 17, 1.0),
(15, 18, 1.0),
-- Attacks from Dragon
(16, 1, 1.0), -- Normal
(16, 2, 1.0), -- Fighting
(16, 3, 1.0), -- Flying
(16, 4, 1.0), -- Posion
(16, 5, 1.0), -- Ground
(16, 6, 1.0), -- Rock
(16, 7, 1.0), -- Bug
(16, 8, 1.0), -- Ghost
(16, 9, 0.5), -- Steel
(16, 10, 1.0), -- Fire
(16, 11, 1.0), -- Water
(16, 12, 1.0), -- Grass
(16, 13, 1.0), -- Electric
(16, 14, 1.0),-- Psychic
(16, 15, 1.0), -- Ice
(16, 16, 2.0), -- Dragon
(16, 17, 1.0), -- Dark
(16, 18, 0.0),  -- Fairy
-- Attacks from Dark
(17, 1, 1.0), -- Normal
(17, 2, 0.5), -- Fighting
(17, 3, 1.0), -- Flying
(17, 4, 1.0), -- Posion
(17, 5, 1.0), -- Ground
(17, 6, 1.0), -- Rock
(17, 7, 1.0), -- Bug
(17, 8, 2.0), -- Ghost
(17, 9, 1.0), -- Steel
(17, 10, 1.0), -- Fire
(17, 11, 1.0), -- Water
(17, 12, 1.0), -- Grass
(17, 13, 1.0), -- Electric
(17, 14, 2.0), -- Psychic
(17, 15, 1.0), -- Ice
(17, 16, 1.0), -- Dragon
(17, 17, 0.5), -- Dark
(17, 18, 0.5), -- Fairy
-- Attacks from Fairy
(18, 1, 1.0), -- Normal
(18, 2, 2.0), -- Fighting
(18, 3, 1.0), -- Flying
(18, 4, 0.5), -- Poison
(18, 5, 1.0), -- Ground
(18, 6, 1.0), -- Rock
(18, 7, 1.0), -- Bug
(18, 8, 1.0), -- Ghost
(18, 9, 0.5), -- Steel
(18, 10, 0.5), -- Fire
(18, 11, 1.0), -- Water
(18, 12, 1.0), -- Grass
(18, 13, 1.0), -- Electric
(18, 14, 1.0), -- Psychic
(18, 15, 1.0), -- Ice
(18, 16, 2.0), -- Dragon
(18, 17, 2.0), -- Dark
(18, 18, 1.0) -- Fairy
;
-- Modificamos la sequencia del tipo
SELECT setval('types_id_seq', (SELECT MAX(id) FROM types));
-- POKEMONS
INSERT INTO pokemon (id, name, generation, hp, attack, defense, special_attack, special_defense, speed) VALUES
(1, 'bulbasaur', 1, 45, 49, 49, 65, 65, 45),
(2, 'ivysaur', 1, 60, 62, 63, 80, 80, 60),
(3, 'venusaur', 1, 80, 82, 83, 100, 100, 80),
(4, 'charmander', 1, 39, 52, 43, 60, 50, 65),
(5, 'charmeleon', 1, 58, 64, 58, 80, 65, 80),
(6, 'charizard', 1, 78, 84, 78, 109, 85, 100),
(7, 'squirtle', 1, 44, 48, 65, 50, 64, 43),
(8, 'wartortle', 1, 59, 63, 80, 65, 80, 58),
(9, 'blastoise', 1, 79, 83, 100, 85, 105, 78),
(10, 'caterpie', 1, 45, 30, 35, 20, 20, 45),
(11, 'metapod', 1, 50, 20, 55, 25, 25, 30),
(12, 'butterfree', 1, 60, 45, 50, 90, 80, 70),
(13, 'weedle', 1, 40, 35, 30, 20, 20, 50),
(14, 'kakuna', 1, 45, 25, 50, 25, 25, 35),
(15, 'beedrill', 1, 65, 90, 40, 45, 80, 75),
(16, 'pidgey', 1, 40, 45, 40, 35, 35, 56),
(17, 'pidgeotto', 1, 63, 60, 55, 50, 50, 71),
(18, 'pidgeot', 1, 83, 80, 75, 70, 70, 101),
(19, 'rattata', 1, 30, 56, 35, 25, 35, 72),
(20, 'raticate', 1, 55, 81, 60, 50, 70, 97),
(21, 'spearow', 1, 40, 60, 30, 31, 31, 70),
(22, 'fearow', 1, 65, 90, 65, 61, 61, 100),
(23, 'ekans', 1, 35, 60, 44, 40, 54, 55),
(24, 'arbok', 1, 60, 95, 69, 65, 79, 80),
(25, 'pikachu', 1, 35, 55, 40, 50, 50, 90),
(26, 'raichu', 1, 60, 90, 55, 90, 80, 110),
(27, 'sandshrew', 1, 50, 75, 85, 20, 30, 40),
(28, 'sandslash', 1, 75, 100, 110, 45, 55, 65),
(29, 'nidoran-f', 1, 55, 47, 52, 40, 40, 41),
(30, 'nidorina', 1, 70, 62, 67, 55, 55, 56),
(31, 'nidoqueen', 1, 90, 92, 87, 75, 85, 76),
(32, 'nidoran-m', 1, 46, 57, 40, 40, 40, 50),
(33, 'nidorino', 1, 61, 72, 57, 55, 55, 65),
(34, 'nidoking', 1, 81, 102, 77, 85, 75, 85),
(35, 'clefairy', 1, 70, 45, 48, 60, 65, 35),
(36, 'clefable', 1, 95, 70, 73, 95, 90, 60),
(37, 'vulpix', 1, 38, 41, 40, 50, 65, 65),
(38, 'ninetales', 1, 73, 76, 75, 81, 100, 100),
(39, 'jigglypuff', 1, 115, 45, 20, 45, 25, 20),
(40, 'wigglytuff', 1, 140, 70, 45, 85, 50, 45),
(41, 'zubat', 1, 40, 45, 35, 30, 40, 55),
(42, 'golbat', 1, 75, 80, 70, 65, 75, 90),
(43, 'oddish', 1, 45, 50, 55, 75, 65, 30),
(44, 'gloom', 1, 60, 65, 70, 85, 75, 40),
(45, 'vileplume', 1, 75, 80, 85, 110, 90, 50),
(46, 'paras', 1, 35, 70, 55, 45, 55, 25),
(47, 'parasect', 1, 60, 95, 80, 60, 80, 30),
(48, 'venonat', 1, 60, 55, 50, 40, 55, 45),
(49, 'venomoth', 1, 70, 65, 60, 90, 75, 90),
(50, 'diglett', 1, 10, 55, 25, 35, 45, 95),
(51, 'dugtrio', 1, 35, 100, 50, 50, 70, 120),
(52, 'meowth', 1, 40, 45, 35, 40, 40, 90),
(53, 'persian', 1, 65, 70, 60, 65, 65, 115),
(54, 'psyduck', 1, 50, 52, 48, 65, 50, 55),
(55, 'golduck', 1, 80, 82, 78, 95, 80, 85),
(56, 'mankey', 1, 40, 80, 35, 35, 45, 70),
(57, 'primeape', 1, 65, 105, 60, 60, 70, 95),
(58, 'growlithe', 1, 55, 70, 45, 70, 50, 60),
(59, 'arcanine', 1, 90, 110, 80, 100, 80, 95),
(60, 'poliwag', 1, 40, 50, 40, 40, 40, 90),
(61, 'poliwhirl', 1, 65, 65, 65, 50, 50, 90),
(62, 'poliwrath', 1, 90, 95, 95, 70, 90, 70),
(63, 'abra', 1, 25, 20, 15, 105, 55, 90),
(64, 'kadabra', 1, 40, 35, 30, 120, 70, 105),
(65, 'alakazam', 1, 55, 50, 45, 135, 95, 120),
(66, 'machop', 1, 70, 80, 50, 35, 35, 35),
(67, 'machoke', 1, 80, 100, 70, 50, 60, 45),
(68, 'machamp', 1, 90, 130, 80, 65, 85, 55),
(69, 'bellsprout', 1, 50, 75, 35, 70, 30, 40),
(70, 'weepinbell', 1, 65, 90, 50, 85, 45, 55),
(71, 'victreebel', 1, 80, 105, 65, 100, 70, 70),
(72, 'tentacool', 1, 40, 40, 35, 50, 100, 70),
(73, 'tentacruel', 1, 80, 70, 65, 80, 120, 100),
(74, 'geodude', 1, 40, 80, 100, 30, 30, 20),
(75, 'graveler', 1, 55, 95, 115, 45, 45, 35),
(76, 'golem', 1, 80, 120, 130, 55, 65, 45),
(77, 'ponyta', 1, 50, 85, 55, 65, 65, 90),
(78, 'rapidash', 1, 65, 100, 70, 80, 80, 105),
(79, 'slowpoke', 1, 90, 65, 65, 40, 40, 15),
(80, 'slowbro', 1, 95, 75, 110, 100, 80, 30),
(81, 'magnemite', 1, 25, 35, 70, 95, 55, 45),
(82, 'magneton', 1, 50, 60, 95, 120, 70, 70),
(83, 'farfetchd', 1, 52, 90, 55, 58, 62, 60),
(84, 'doduo', 1, 35, 85, 45, 35, 35, 75),
(85, 'dodrio', 1, 60, 110, 70, 60, 60, 110),
(86, 'seel', 1, 65, 45, 55, 45, 70, 45),
(87, 'dewgong', 1, 90, 70, 80, 70, 95, 70),
(88, 'grimer', 1, 80, 80, 50, 40, 50, 25),
(89, 'muk', 1, 105, 105, 75, 65, 100, 50),
(90, 'shellder', 1, 30, 65, 100, 45, 25, 40),
(91, 'cloyster', 1, 50, 95, 180, 85, 45, 70),
(92, 'gastly', 1, 30, 35, 30, 100, 35, 80),
(93, 'haunter', 1, 45, 50, 45, 115, 55, 95),
(94, 'gengar', 1, 60, 65, 60, 130, 75, 110),
(95, 'onix', 1, 35, 45, 160, 30, 45, 70),
(96, 'drowzee', 1, 60, 48, 45, 43, 90, 42),
(97, 'hypno', 1, 85, 73, 70, 73, 115, 67),
(98, 'krabby', 1, 30, 105, 90, 25, 25, 50),
(99, 'kingler', 1, 55, 130, 115, 50, 50, 75),
(100, 'voltorb', 1, 40, 30, 50, 55, 55, 100),
(101, 'electrode', 1, 60, 50, 70, 80, 80, 150),
(102, 'exeggcute', 1, 60, 40, 80, 60, 45, 40),
(103, 'exeggutor', 1, 95, 95, 85, 125, 75, 55),
(104, 'cubone', 1, 50, 50, 95, 40, 50, 35),
(105, 'marowak', 1, 60, 80, 110, 50, 80, 45),
(106, 'hitmonlee', 1, 50, 120, 53, 35, 110, 87),
(107, 'hitmonchan', 1, 50, 105, 79, 35, 110, 76),
(108, 'lickitung', 1, 90, 55, 75, 60, 75, 30),
(109, 'koffing', 1, 40, 65, 95, 60, 45, 35),
(110, 'weezing', 1, 65, 90, 120, 85, 70, 60),
(111, 'rhyhorn', 1, 80, 85, 95, 30, 30, 25),
(112, 'rhydon', 1, 105, 130, 120, 45, 45, 40),
(113, 'chansey', 1, 250, 5, 5, 35, 105, 50),
(114, 'tangela', 1, 65, 55, 115, 100, 40, 60),
(115, 'kangaskhan', 1, 105, 95, 80, 40, 80, 90),
(116, 'horsea', 1, 30, 40, 70, 70, 25, 60),
(117, 'seadra', 1, 55, 65, 95, 95, 45, 85),
(118, 'goldeen', 1, 45, 67, 60, 35, 50, 63),
(119, 'seaking', 1, 80, 92, 65, 65, 80, 68),
(120, 'staryu', 1, 30, 45, 55, 70, 55, 85),
(121, 'starmie', 1, 60, 75, 85, 100, 85, 115),
(122, 'mr-mime', 1, 40, 45, 65, 100, 120, 90),
(123, 'scyther', 1, 70, 110, 80, 55, 80, 105),
(124, 'jynx', 1, 65, 50, 35, 115, 95, 95),
(125, 'electabuzz', 1, 65, 83, 57, 95, 85, 105),
(126, 'magmar', 1, 65, 95, 57, 100, 85, 93),
(127, 'pinsir', 1, 65, 125, 100, 55, 70, 85),
(128, 'tauros', 1, 75, 100, 95, 40, 70, 110),
(129, 'magikarp', 1, 20, 10, 55, 15, 20, 80),
(130, 'gyarados', 1, 95, 125, 79, 60, 100, 81),
(131, 'lapras', 1, 130, 85, 80, 85, 95, 60),
(132, 'ditto', 1, 48, 48, 48, 48, 48, 48),
(133, 'eevee', 1, 55, 55, 50, 45, 65, 55),
(134, 'vaporeon', 1, 130, 65, 60, 110, 95, 65),
(135, 'jolteon', 1, 65, 65, 60, 110, 95, 130),
(136, 'flareon', 1, 65, 130, 60, 95, 110, 65),
(137, 'porygon', 1, 65, 60, 70, 85, 75, 40),
(138, 'omanyte', 1, 35, 40, 100, 90, 55, 35),
(139, 'omastar', 1, 70, 60, 125, 115, 70, 55),
(140, 'kabuto', 1, 30, 80, 90, 55, 45, 55),
(141, 'kabutops', 1, 60, 115, 105, 65, 70, 80),
(142, 'aerodactyl', 1, 80, 105, 65, 60, 75, 130),
(143, 'snorlax', 1, 160, 110, 65, 65, 110, 30),
(144, 'articuno', 1, 90, 85, 100, 95, 125, 85),
(145, 'zapdos', 1, 90, 90, 85, 125, 90, 100),
(146, 'moltres', 1, 90, 100, 90, 125, 85, 90),
(147, 'dratini', 1, 41, 64, 45, 50, 50, 50),
(148, 'dragonair', 1, 61, 84, 65, 70, 70, 70),
(149, 'dragonite', 1, 91, 134, 95, 100, 100, 80),
(150, 'mewtwo', 1, 106, 110, 90, 154, 90, 130),
(151, 'mew', 1, 100, 100, 100, 100, 100, 100)
;
-- Pokemons y sus tipos
INSERT INTO pokemon_type (pokemon_id, type_id, slot) VALUES
(1, 12, 1),
(1, 4, 2),
(2, 12, 1),
(2, 4, 2),
(3, 12, 1),
(3, 4, 2),
(4, 10, 1),
(5, 10, 1),
(6, 10, 1),
(6, 3, 2),
(7, 11, 1),
(8, 11, 1),
(9, 11, 1),
(10, 7, 1),
(11, 7, 1),
(12, 7, 1),
(12, 3, 2),
(13, 7, 1),
(13, 4, 2),
(14, 7, 1),
(14, 4, 2),
(15, 7, 1),
(15, 4, 2),
(16, 1, 1),
(16, 3, 2),
(17, 1, 1),
(17, 3, 2),
(18, 1, 1),
(18, 3, 2),
(19, 1, 1),
(20, 1, 1),
(21, 1, 1),
(21, 3, 2),
(22, 1, 1),
(22, 3, 2),
(23, 4, 1),
(24, 4, 1),
(25, 13, 1),
(26, 13, 1),
(27, 5, 1),
(28, 5, 1),
(29, 4, 1),
(30, 4, 1),
(31, 4, 1),
(31, 5, 2),
(32, 4, 1),
(33, 4, 1),
(34, 4, 1),
(34, 5, 2),
(35, 18, 1),
(36, 18, 1),
(37, 10, 1),
(38, 10, 1),
(39, 1, 1),
(39, 18, 2),
(40, 1, 1),
(40, 18, 2),
(41, 4, 1),
(41, 3, 2),
(42, 4, 1),
(42, 3, 2),
(43, 12, 1),
(43, 4, 2),
(44, 12, 1),
(44, 4, 2),
(45, 12, 1),
(45, 4, 2),
(46, 7, 1),
(46, 12, 2),
(47, 7, 1),
(47, 12, 2),
(48, 7, 1),
(48, 4, 2),
(49, 7, 1),
(49, 4, 2),
(50, 5, 1),
(51, 5, 1),
(52, 1, 1),
(53, 1, 1),
(54, 11, 1),
(55, 11, 1),
(56, 2, 1),
(57, 2, 1),
(58, 10, 1),
(59, 10, 1),
(60, 11, 1),
(61, 11, 1),
(62, 11, 1),
(62, 2, 2),
(63, 14, 1),
(64, 14, 1),
(65, 14, 1),
(66, 2, 1),
(67, 2, 1),
(68, 2, 1),
(69, 12, 1),
(69, 4, 2),
(70, 12, 1),
(70, 4, 2),
(71, 12, 1),
(71, 4, 2),
(72, 11, 1),
(72, 4, 2),
(73, 11, 1),
(73, 4, 2),
(74, 6, 1),
(74, 5, 2),
(75, 6, 1),
(75, 5, 2),
(76, 6, 1),
(76, 5, 2),
(77, 10, 1),
(78, 10, 1),
(79, 11, 1),
(79, 14, 2),
(80, 11, 1),
(80, 14, 2),
(81, 13, 1),
(81, 9, 2),
(82, 13, 1),
(82, 9, 2),
(83, 1, 1),
(83, 3, 2),
(84, 1, 1),
(84, 3, 2),
(85, 1, 1),
(85, 3, 2),
(86, 11, 1),
(87, 11, 1),
(87, 15, 2),
(88, 4, 1),
(89, 4, 1),
(90, 11, 1),
(91, 11, 1),
(91, 15, 2),
(92, 8, 1),
(92, 4, 2),
(93, 8, 1),
(93, 4, 2),
(94, 8, 1),
(94, 4, 2),
(95, 6, 1),
(95, 5, 2),
(96, 14, 1),
(97, 14, 1),
(98, 11, 1),
(99, 11, 1),
(100, 13, 1),
(101, 13, 1),
(102, 12, 1),
(102, 14, 2),
(103, 12, 1),
(103, 14, 2),
(104, 5, 1),
(105, 5, 1),
(106, 2, 1),
(107, 2, 1),
(108, 1, 1),
(109, 4, 1),
(110, 4, 1),
(111, 5, 1),
(111, 6, 2),
(112, 5, 1),
(112, 6, 2),
(113, 1, 1),
(114, 12, 1),
(115, 1, 1),
(116, 11, 1),
(117, 11, 1),
(118, 11, 1),
(119, 11, 1),
(120, 11, 1),
(121, 11, 1),
(121, 14, 2),
(122, 14, 1),
(122, 18, 2),
(123, 7, 1),
(123, 3, 2),
(124, 15, 1),
(124, 14, 2),
(125, 13, 1),
(126, 10, 1),
(127, 7, 1),
(128, 1, 1),
(129, 11, 1),
(130, 11, 1),
(130, 3, 2),
(131, 11, 1),
(131, 15, 2),
(132, 1, 1),
(133, 1, 1),
(134, 11, 1),
(135, 13, 1),
(136, 10, 1),
(137, 1, 1),
(138, 6, 1),
(138, 11, 2),
(139, 6, 1),
(139, 11, 2),
(140, 6, 1),
(140, 11, 2),
(141, 6, 1),
(141, 11, 2),
(142, 6, 1),
(142, 3, 2),
(143, 1, 1),
(144, 15, 1),
(144, 3, 2),
(145, 13, 1),
(145, 3, 2),
(146, 10, 1),
(146, 3, 2),
(147, 16, 1),
(148, 16, 1),
(149, 16, 1),
(149, 3, 2),
(150, 14, 1),
(151, 14, 1)
;